source_name,unified_name
エチオピア イルガチェフェ G1 ナチュラル ゲデブ ゴチチ,エチオピア イルガチェフェ G1 ナチュラル
エチオピア イルガチェフG1 ナチュラル ゲデブ ゴチチ,エチオピア イルガチェフェ G1 ナチュラル
ブラジル カルモ農園,ブラジル カルモ農園
ブラジル ミナスゼライス カルモ農園 ナチュラル,ブラジル カルモ農園
インドネシア リントン タノバタック,インドネシア リントン タノバタック
インドネシア スマトラ G1 タノバタック スマトラ式,インドネシア リントン タノバタック
コロンビア トリマ ラ・エスペランサ農園 ピンクブルボン AN,コロンビア ピンクブルボン
コロンビア トリマ ラ・エスペランサ農園 ピンクブルボン アナエアロビック,コロンビア ピンクブルボン
ボタリズム オリジナルブレンド サムグラウンズ,Botarhythm オリジナルブレンド
ボタリズム オリジナルブレンド ディープルーツ,Botarhythm オリジナルブレンド
ボタリズム オリジナルブレンド フローラルコード,Botarhythm オリジナルブレンド
ボタリズム オリジナルブレンド タッチザアース,Botarhythm オリジナルブレンド
Botarhythm オリジナルブレンド,Botarhythm オリジナルブレンド
グアテマラ ウエウエテナンゴ ラボルサ農園,グアテマラ ラボルサ農園
グアテマラ ウエウエテナンゴ ラボルサ農園 フリーウォッシュド,グアテマラ ラボルサ農園
ニカラグア ラ・エストレージャ,ニカラグア ラ・エストレージャ
ニカラグア ヌエバセゴビア ラ・エストレージャ AA ウォッシュド,ニカラグア ラ・エストレージャ
コロンビア ウィラ アルマネグラ,コロンビア アルマネグラ
コロンビア ウィラ アルマネグラ ウォッシュド,コロンビア アルマネグラ
デカフェ コロンビア スプレモ ブレーメンウォーター,デカフェ コロンビア
デカフェ コロンビア ブレーメンウォータープロセス,デカフェ コロンビア
インドネシア リントン ブルーバタック,インドネシア ブルーバタック
インドネシア リントン マンデリン ブルーバタック,インドネシア ブルーバタック
